{
  "TF-IDF + LogReg": {
    "brier_score": 0.07779354061029975,
    "ece": 0.20994032182406602,
    "bin_counts": [
      1,
      56,
      67,
      23,
      11,
      13,
      21,
      63,
      45,
      0
    ]
  },
  "Raw Activation + LogReg": {
    "brier_score": 0.056692855946963806,
    "ece": 0.0605577202907313,
    "bin_counts": [
      117,
      19,
      6,
      7,
      8,
      6,
      7,
      12,
      25,
      93
    ]
  },
  "SAE Features (all) + LogReg": {
    "brier_score": 0.04509507851193468,
    "ece": 0.02782553232234556,
    "bin_counts": [
      131,
      6,
      4,
      8,
      3,
      3,
      4,
      3,
      11,
      127
    ]
  }
}