{
  "experiment": "C3",
  "train_size": 700,
  "test_size": 300,
  "layer": 0,
  "results": {
    "TF-IDF + LogReg": {
      "precision": 0.9790209790209791,
      "recall": 0.9333333333333333,
      "f1": 0.9556313993174061,
      "accuracy": 0.9566666666666667,
      "roc_auc": 0.9924444444444445
    },
    "TF-IDF + RandomForest": {
      "precision": 1.0,
      "recall": 0.9333333333333333,
      "f1": 0.9655172413793104,
      "accuracy": 0.9666666666666667,
      "roc_auc": 0.9880444444444444
    },
    "Raw Activation + LogReg": {
      "precision": 0.9370629370629371,
      "recall": 0.8933333333333333,
      "f1": 0.9146757679180887,
      "accuracy": 0.9166666666666666,
      "roc_auc": 0.9655555555555556
    },
    "SAE Features (all) + LogReg": {
      "precision": 0.9527027027027027,
      "recall": 0.94,
      "f1": 0.9463087248322147,
      "accuracy": 0.9466666666666667,
      "roc_auc": 0.9729777777777777
    },
    "SAE Top-10 Features + LogReg": {
      "precision": 0.7375886524822695,
      "recall": 0.6933333333333334,
      "f1": 0.7147766323024055,
      "accuracy": 0.7233333333333334,
      "roc_auc": 0.8000444444444444
    },
    "SAE Top-50 Features + LogReg": {
      "precision": 0.8642857142857143,
      "recall": 0.8066666666666666,
      "f1": 0.8344827586206897,
      "accuracy": 0.84,
      "roc_auc": 0.9235111111111112
    },
    "SAE Top-100 Features + LogReg": {
      "precision": 0.9236111111111112,
      "recall": 0.8866666666666667,
      "f1": 0.9047619047619048,
      "accuracy": 0.9066666666666666,
      "roc_auc": 0.9568444444444444
    }
  }
}