{
  "0": {
    "silhouette": 0.3150627911090851,
    "cohens_d": 10.204273704696776
  },
  "1": {
    "silhouette": 0.31142258644104004,
    "cohens_d": 10.151952857030231
  },
  "2": {
    "silhouette": 0.2853056788444519,
    "cohens_d": 7.561503597075724
  },
  "3": {
    "silhouette": 0.26450803875923157,
    "cohens_d": 5.114336443480553
  },
  "4": {
    "silhouette": 0.23734484612941742,
    "cohens_d": 5.184670709775452
  },
  "5": {
    "silhouette": 0.2085936814546585,
    "cohens_d": 4.839540283540333
  },
  "6": {
    "silhouette": 0.1963072121143341,
    "cohens_d": 5.6830328624180115
  },
  "7": {
    "silhouette": 0.19652430713176727,
    "cohens_d": 5.421816808430889
  },
  "8": {
    "silhouette": 0.19205401837825775,
    "cohens_d": 8.477503234478357
  },
  "9": {
    "silhouette": 0.19674009084701538,
    "cohens_d": 7.562536947323335
  },
  "10": {
    "silhouette": 0.18091799318790436,
    "cohens_d": 5.040968290005924
  },
  "11": {
    "silhouette": 0.16344141960144043,
    "cohens_d": 2.618083807489942
  },
  "best_layer": 0,
  "j1_passed": true
}