{
  "experiment": "attack_taxonomy",
  "n_categories": 6,
  "categories": [
    "extraction",
    "indirect",
    "instruction",
    "mixed",
    "override",
    "roleplay"
  ],
  "similarity_matrix": [
    [
      0.9999999403953552,
      0.9543745517730713,
      0.912854790687561,
      0.9507227540016174,
      0.9592856168746948,
      0.9227162599563599
    ],
    [
      0.9543745517730713,
      1.0,
      0.8849408626556396,
      0.933905839920044,
      0.9514299631118774,
      0.9149975776672363
    ],
    [
      0.912854790687561,
      0.8849408626556396,
      0.9999999403953552,
      0.8611028790473938,
      0.8502076864242554,
      0.8037376999855042
    ],
    [
      0.9507227540016174,
      0.933905839920044,
      0.8611028790473938,
      1.0,
      0.960099995136261,
      0.9078764915466309
    ],
    [
      0.9592856168746948,
      0.9514299631118774,
      0.8502076864242554,
      0.960099995136261,
      0.9999998807907104,
      0.964179515838623
    ],
    [
      0.9227162599563599,
      0.9149975776672363,
      0.8037376999855042,
      0.9078764915466309,
      0.964179515838623,
      1.000000238418579
    ]
  ],
  "category_names": [
    "extraction",
    "indirect",
    "instruction",
    "mixed",
    "override",
    "roleplay"
  ],
  "classification_accuracy": 0.806,
  "specific_features": {
    "extraction": [
      [
        5374,
        10.585186004638672
      ],
      [
        2594,
        9.438375473022461
      ],
      [
        561,
        9.13461685180664
      ],
      [
        6781,
        6.919274806976318
      ],
      [
        746,
        5.4416022300720215
      ]
    ],
    "indirect": [
      [
        8865,
        11.527546882629395
      ],
      [
        6231,
        10.814292907714844
      ],
      [
        7545,
        9.760244369506836
      ],
      [
        3324,
        8.950287818908691
      ],
      [
        8534,
        7.809898853302002
      ]
    ],
    "instruction": [
      [
        5869,
        6.827834606170654
      ],
      [
        9163,
        5.297110557556152
      ],
      [
        6269,
        4.920619010925293
      ],
      [
        5771,
        4.8609795570373535
      ],
      [
        2974,
        4.656221389770508
      ]
    ],
    "mixed": [
      [
        8335,
        5.096768856048584
      ],
      [
        3862,
        4.754703998565674
      ],
      [
        6669,
        4.497501373291016
      ],
      [
        1156,
        4.241144180297852
      ],
      [
        2219,
        4.138497352600098
      ]
    ],
    "override": [
      [
        5486,
        7.163609504699707
      ],
      [
        8636,
        6.77072811126709
      ],
      [
        6653,
        6.470945358276367
      ],
      [
        9169,
        6.053651809692383
      ],
      [
        5693,
        5.552045822143555
      ]
    ],
    "roleplay": [
      [
        3005,
        13.424325942993164
      ],
      [
        2428,
        10.666648864746094
      ],
      [
        3658,
        8.598833084106445
      ],
      [
        9169,
        7.908939361572266
      ],
      [
        1758,
        7.47550630569458
      ]
    ]
  }
}