{
  "experiment": "attack_taxonomy",
  "n_categories": 14,
  "categories": [
    "brainstorming",
    "classification",
    "closed_qa",
    "creative_writing",
    "extraction",
    "general_qa",
    "indirect",
    "information_extraction",
    "instruction",
    "mixed",
    "open_qa",
    "override",
    "roleplay",
    "summarization"
  ],
  "similarity_matrix": [
    [
      1.0000001192092896,
      0.9848593473434448,
      0.990923285484314,
      0.9621350765228271,
      0.9866370558738708,
      0.9851513504981995,
      0.990587055683136,
      0.9834567904472351,
      0.9899535775184631,
      0.9906390309333801,
      0.9849609732627869,
      0.9869546294212341,
      0.988024890422821,
      0.980847954750061
    ],
    [
      0.9848593473434448,
      1.0000001192092896,
      0.9936785697937012,
      0.9801660180091858,
      0.9932365417480469,
      0.9921916127204895,
      0.9942606687545776,
      0.9879416227340698,
      0.995132565498352,
      0.9953300952911377,
      0.9907894134521484,
      0.9927833676338196,
      0.9945355653762817,
      0.989142656326294
    ],
    [
      0.990923285484314,
      0.9936785697937012,
      1.0000001192092896,
      0.9781063795089722,
      0.9938592314720154,
      0.9937382936477661,
      0.9942916035652161,
      0.9867691397666931,
      0.9966171979904175,
      0.9957036972045898,
      0.9935924410820007,
      0.9935432076454163,
      0.9943218231201172,
      0.9858195781707764
    ],
    [
      0.9621350765228271,
      0.9801660180091858,
      0.9781063795089722,
      1.000000238418579,
      0.979714035987854,
      0.9820971488952637,
      0.9798700213432312,
      0.9787197113037109,
      0.9822043180465698,
      0.9772211909294128,
      0.9766952395439148,
      0.9813789129257202,
      0.9821327924728394,
      0.9687119722366333
    ],
    [
      0.9866370558738708,
      0.9932365417480469,
      0.9938592314720154,
      0.979714035987854,
      1.0,
      0.994529664516449,
      0.9969990849494934,
      0.9917349219322205,
      0.9979116320610046,
      0.9971697330474854,
      0.9897307753562927,
      0.9962134957313538,
      0.9944559335708618,
      0.9871787428855896
    ],
    [
      0.9851513504981995,
      0.9921916127204895,
      0.9937382936477661,
      0.9820971488952637,
      0.994529664516449,
      1.0000001192092896,
      0.9957566857337952,
      0.9891554713249207,
      0.9961698651313782,
      0.9964271187782288,
      0.9910873174667358,
      0.9940287470817566,
      0.9948604702949524,
      0.989445686340332
    ],
    [
      0.990587055683136,
      0.9942606687545776,
      0.9942916035652161,
      0.9798700213432312,
      0.9969990849494934,
      0.9957566857337952,
      0.9999999403953552,
      0.993618369102478,
      0.9981975555419922,
      0.9973651170730591,
      0.9898107051849365,
      0.9971015453338623,
      0.997269332408905,
      0.9900968074798584
    ],
    [
      0.9834567904472351,
      0.9879416227340698,
      0.9867691397666931,
      0.9787197113037109,
      0.9917349219322205,
      0.9891554713249207,
      0.993618369102478,
      1.0,
      0.9933765530586243,
      0.9912257790565491,
      0.9826111197471619,
      0.992074728012085,
      0.992626965045929,
      0.9801192283630371
    ],
    [
      0.9899535775184631,
      0.995132565498352,
      0.9966171979904175,
      0.9822043180465698,
      0.9979116320610046,
      0.9961698651313782,
      0.9981975555419922,
      0.9933765530586243,
      1.0000001192092896,
      0.9982947111129761,
      0.9936895966529846,
      0.9972832202911377,
      0.9970980286598206,
      0.9889639616012573
    ],
    [
      0.9906390309333801,
      0.9953300952911377,
      0.9957036972045898,
      0.9772211909294128,
      0.9971697330474854,
      0.9964271187782288,
      0.9973651170730591,
      0.9912257790565491,
      0.9982947111129761,
      1.0000001192092896,
      0.9939039349555969,
      0.9954249858856201,
      0.99556565284729,
      0.9911229610443115
    ],
    [
      0.9849609732627869,
      0.9907894134521484,
      0.9935924410820007,
      0.9766952395439148,
      0.9897307753562927,
      0.9910873174667358,
      0.9898107051849365,
      0.9826111197471619,
      0.9936895966529846,
      0.9939039349555969,
      0.9999998211860657,
      0.9864375591278076,
      0.98830246925354,
      0.9863690733909607
    ],
    [
      0.9869546294212341,
      0.9927833676338196,
      0.9935432076454163,
      0.9813789129257202,
      0.9962134957313538,
      0.9940287470817566,
      0.9971015453338623,
      0.992074728012085,
      0.9972832202911377,
      0.9954249858856201,
      0.9864375591278076,
      0.9999999403953552,
      0.9967536926269531,
      0.986340343952179
    ],
    [
      0.988024890422821,
      0.9945355653762817,
      0.9943218231201172,
      0.9821327924728394,
      0.9944559335708618,
      0.9948604702949524,
      0.997269332408905,
      0.992626965045929,
      0.9970980286598206,
      0.99556565284729,
      0.98830246925354,
      0.9967536926269531,
      0.9999999403953552,
      0.9895634651184082
    ],
    [
      0.980847954750061,
      0.989142656326294,
      0.9858195781707764,
      0.9687119722366333,
      0.9871787428855896,
      0.989445686340332,
      0.9900968074798584,
      0.9801192283630371,
      0.9889639616012573,
      0.9911229610443115,
      0.9863690733909607,
      0.986340343952179,
      0.9895634651184082,
      0.9999998211860657
    ]
  ],
  "category_names": [
    "brainstorming",
    "classification",
    "closed_qa",
    "creative_writing",
    "extraction",
    "general_qa",
    "indirect",
    "information_extraction",
    "instruction",
    "mixed",
    "open_qa",
    "override",
    "roleplay",
    "summarization"
  ],
  "classification_accuracy": 0.058,
  "specific_features": {
    "brainstorming": [
      [
        4501,
        3.384552240371704
      ],
      [
        746,
        2.5075995922088623
      ],
      [
        7863,
        2.4815216064453125
      ],
      [
        5387,
        2.463970184326172
      ],
      [
        4611,
        2.3836140632629395
      ]
    ],
    "classification": [
      [
        4180,
        2.2915053367614746
      ],
      [
        4124,
        2.2523436546325684
      ],
      [
        6231,
        2.210085391998291
      ],
      [
        512,
        2.061250686645508
      ],
      [
        7313,
        1.9235267639160156
      ]
    ],
    "closed_qa": [
      [
        4340,
        2.3979368209838867
      ],
      [
        1282,
        2.298409938812256
      ],
      [
        561,
        2.0689945220947266
      ],
      [
        1261,
        2.054762840270996
      ],
      [
        2483,
        1.9289960861206055
      ]
    ],
    "creative_writing": [
      [
        566,
        8.289835929870605
      ],
      [
        5486,
        6.531365394592285
      ],
      [
        541,
        4.745364665985107
      ],
      [
        7880,
        4.274170875549316
      ],
      [
        2359,
        4.193784713745117
      ]
    ],
    "extraction": [
      [
        7141,
        1.5109361410140991
      ],
      [
        6904,
        1.2452688217163086
      ],
      [
        6331,
        1.1011799573898315
      ],
      [
        2553,
        1.0218926668167114
      ],
      [
        8699,
        0.9823017120361328
      ]
    ],
    "general_qa": [
      [
        428,
        2.015108108520508
      ],
      [
        7313,
        1.6791417598724365
      ],
      [
        4827,
        1.4456958770751953
      ],
      [
        628,
        1.381086826324463
      ],
      [
        5023,
        1.2949895858764648
      ]
    ],