{
  "experiment": "C1",
  "layer": 29,
  "expansion_factor": 8,
  "d_sae": 10240,
  "sparsity_coeff": 0.0001,
  "epochs": 100,
  "n_samples": 1000,
  "reconstruction_ratio": 0.10823380628594852,
  "mean_sparsity": 0.14419269561767578,
  "dead_features": 361,
  "dead_feature_pct": 3.525390625,
  "mean_active_per_prompt": 1478.76
}