{
  "experiment": "C3",
  "train_size": 700,
  "test_size": 300,
  "layer": 29,
  "results": {
    "TF-IDF + LogReg": {
      "precision": 0.9788732394366197,
      "recall": 0.9266666666666666,
      "f1": 0.952054794520548,
      "accuracy": 0.9533333333333334,
      "roc_auc": 0.9926222222222222
    },
    "TF-IDF + RandomForest": {
      "precision": 1.0,
      "recall": 0.9333333333333333,
      "f1": 0.9655172413793104,
      "accuracy": 0.9666666666666667,
      "roc_auc": 0.9875777777777778
    },
    "Raw Activation + LogReg": {
      "precision": 1.0,
      "recall": 0.9866666666666667,
      "f1": 0.9932885906040269,
      "accuracy": 0.9933333333333333,
      "roc_auc": 0.9996888888888888
    },
    "SAE Features (all) + LogReg": {
      "precision": 1.0,
      "recall": 0.98,
      "f1": 0.98989898989899,
      "accuracy": 0.99,
      "roc_auc": 0.9995555555555555
    },
    "SAE Top-10 Features + LogReg": {
      "precision": 0.9379310344827586,
      "recall": 0.9066666666666666,
      "f1": 0.9220338983050848,
      "accuracy": 0.9233333333333333,
      "roc_auc": 0.9830666666666666
    },
    "SAE Top-50 Features + LogReg": {
      "precision": 0.9668874172185431,
      "recall": 0.9733333333333334,
      "f1": 0.9700996677740864,
      "accuracy": 0.97,
      "roc_auc": 0.9935555555555556
    },
    "SAE Top-100 Features + LogReg": {
      "precision": 0.9798657718120806,
      "recall": 0.9733333333333334,
      "f1": 0.9765886287625418,
      "accuracy": 0.9766666666666667,
      "roc_auc": 0.9981333333333333
    }
  }
}