{
  "TF-IDF + LogReg": {
    "precision": 0.9928057553956835,
    "recall": 0.92,
    "f1": 0.9550173010380623,
    "accuracy": 0.9566666666666667,
    "roc_auc": 0.9837777777777778
  },
  "TF-IDF + RandomForest": {
    "precision": 0.9927007299270073,
    "recall": 0.9066666666666666,
    "f1": 0.9477351916376306,
    "accuracy": 0.95,
    "roc_auc": 0.9824222222222223
  },
  "Raw Activation + LogReg": {
    "precision": 0.8807947019867549,
    "recall": 0.8866666666666667,
    "f1": 0.8837209302325582,
    "accuracy": 0.8833333333333333,
    "roc_auc": 0.9266666666666666
  },
  "SAE Features (all) + LogReg": {
    "precision": 0.869281045751634,
    "recall": 0.8866666666666667,
    "f1": 0.8778877887788779,
    "accuracy": 0.8766666666666667,
    "roc_auc": 0.9301333333333334
  }
}