{
  "TF-IDF + LogReg": {
    "precision": 0.9928057553956835,
    "recall": 0.92,
    "f1": 0.9550173010380623,
    "accuracy": 0.9566666666666667,
    "roc_auc": 0.9837777777777778
  },
  "TF-IDF + RandomForest": {
    "precision": 0.9927007299270073,
    "recall": 0.9066666666666666,
    "f1": 0.9477351916376306,
    "accuracy": 0.95,
    "roc_auc": 0.9824222222222223
  },
  "Raw Activation + LogReg": {
    "precision": 0.9470198675496688,
    "recall": 0.9533333333333334,
    "f1": 0.9501661129568106,
    "accuracy": 0.95,
    "roc_auc": 0.9902222222222222
  },
  "SAE Features (all) + LogReg": {
    "precision": 0.9533333333333334,
    "recall": 0.9533333333333334,
    "f1": 0.9533333333333334,
    "accuracy": 0.9533333333333334,
    "roc_auc": 0.9846222222222223
  }
}