{
  "experiment": "C5",
  "target_layer": 29,
  "n_injection_prompts": 100,
  "n_normal_prompts": 100,
  "c5a_suppression": {
    "5": {
      "mean_orig_prob": 0.4506148056161939,
      "mean_patched_prob": 0.45137407593158296,
      "mean_drop": -0.0007592703153890823,
      "classification_flips": 54,
      "flip_rate": 0.54
    },
    "10": {
      "mean_orig_prob": 0.4506148056161939,
      "mean_patched_prob": 0.4864832580038962,
      "mean_drop": -0.03586845238770231,
      "classification_flips": 51,
      "flip_rate": 0.51
    },
    "20": {
      "mean_orig_prob": 0.4506148056161939,
      "mean_patched_prob": 0.711491603085757,
      "mean_drop": -0.2608767974695631,
      "classification_flips": 28,
      "flip_rate": 0.28
    },
    "50": {
      "mean_orig_prob": 0.4506148056161939,
      "mean_patched_prob": 0.8806706457483042,
      "mean_drop": -0.43005584013211035,
      "classification_flips": 11,
      "flip_rate": 0.11
    }
  },
  "c5b_injection": {
    "1.5": {
      "mean_orig_prob": 0.551590040976152,
      "mean_patched_prob": 0.4897185979817682,
      "mean_increase": -0.06187144299438385,
      "classification_flips": 49,
      "flip_rate": 0.49
    },
    "2.0": {
      "mean_orig_prob": 0.551590040976152,
      "mean_patched_prob": 0.40564432501928804,
      "mean_increase": -0.145945715956864,
      "classification_flips": 42,
      "flip_rate": 0.42
    },
    "3.0": {
      "mean_orig_prob": 0.551590040976152,
      "mean_patched_prob": 0.3326277444109841,
      "mean_increase": -0.21896229656516797,
      "classification_flips": 34,
      "flip_rate": 0.34
    },
    "5.0": {
      "mean_orig_prob": 0.551590040976152,
      "mean_patched_prob": 0.3119321797257831,
      "mean_increase": -0.23965786125036898,
      "classification_flips": 31,
      "flip_rate": 0.31
    }
  },
  "c5c_dose_response": {
    "scales": [
      0.0,
      0.1,
      0.2,
      0.3,
      0.4,
      0.5,
      0.6,
      0.7,
      0.8,
      0.9,
      1.0,
      1.25,
      1.5,
      1.75,
      2.0
    ],
    "injection_probs": [
      0.8833409112183699,
      0.846799071277369,
      0.8044187503543574,
      0.75712840684924,
      0.6991732885845197,
      0.6320883105979578,
      0.5791590252565233,
      0.5422193727229067,
      0.5187616895556248,
      0.5058642095446595,
      0.5003695262236423,
      0.4903935490549701,
      0.4685332199306166,
      0.4313437612008918,
      0.40004806570193197
    ],
    "normal_probs": [
      0.6818376639716319,
      0.6746198670694384,
      0.6663688901211091,
      0.6569115731584483,
      0.6453834162535531,
      0.6291196967202668,
      0.6062374627719622,
      0.5814614262854795,
      0.5616316607640777,
      0.545956471710839,
      0.531187422844599,
      0.48994732511502787,
      0.4410166810752261,
      0.4068722973068629,
      0.3872954624539585
    ]
  }
}