{
  "experiment": "C5",
  "target_layer": 0,
  "n_injection_prompts": 100,
  "n_normal_prompts": 100,
  "c5a_suppression": {
    "5": {
      "mean_orig_prob": 0.46445761125606766,
      "mean_patched_prob": 0.06000000594199137,
      "mean_drop": 0.40445760531407626,
      "classification_flips": 94,
      "flip_rate": 0.94
    },
    "10": {
      "mean_orig_prob": 0.46445761125606766,
      "mean_patched_prob": 0.059998647624599825,
      "mean_drop": 0.4044589636314678,
      "classification_flips": 94,
      "flip_rate": 0.94
    },
    "20": {
      "mean_orig_prob": 0.46445761125606766,
      "mean_patched_prob": 0.059999724933325754,
      "mean_drop": 0.40445788632274193,
      "classification_flips": 94,
      "flip_rate": 0.94
    },
    "50": {
      "mean_orig_prob": 0.46445761125606766,
      "mean_patched_prob": 0.059967270415474554,
      "mean_drop": 0.4044903408405931,
      "classification_flips": 94,
      "flip_rate": 0.94
    }
  },
  "c5b_injection": {
    "1.5": {
      "mean_orig_prob": 0.4953625809948067,
      "mean_patched_prob": 0.0361967219518572,
      "mean_increase": -0.4591658590429495,
      "classification_flips": 4,
      "flip_rate": 0.04
    },
    "2.0": {
      "mean_orig_prob": 0.4953625809948067,
      "mean_patched_prob": 0.039974524032184953,
      "mean_increase": -0.45538805696262175,
      "classification_flips": 4,
      "flip_rate": 0.04
    },
    "3.0": {
      "mean_orig_prob": 0.4953625809948067,
      "mean_patched_prob": 0.05503510124692204,
      "mean_increase": -0.44032747974788466,
      "classification_flips": 5,
      "flip_rate": 0.05
    },
    "5.0": {
      "mean_orig_prob": 0.4953625809948067,
      "mean_patched_prob": 0.15780486324915444,
      "mean_increase": -0.33755771774565224,
      "classification_flips": 16,
      "flip_rate": 0.16
    }
  },
  "c5c_dose_response": {
    "scales": [
      0.0,
      0.1,
      0.2,
      0.3,
      0.4,
      0.5,
      0.6,
      0.7,
      0.8,
      0.9,
      1.0,
      1.25,
      1.5,
      1.75,
      2.0
    ],
    "injection_probs": [
      2.778244592750922e-17,
      2.9489240991909105e-17,
      3.0885658688934524e-17,
      3.295418142646096e-17,
      3.5016233619920935e-17,
      3.505064651660733e-17,
      3.5383263839945463e-17,
      3.665147267475222e-17,
      3.818809697821411e-17,
      3.915240706706365e-17,
      3.9234466973335334e-17,
      4.1154739147280685e-17,
      4.095542008533097e-17,
      4.021898210337009e-17,
      3.8066756177315324e-17
    ],
    "normal_probs": [
      0.05000000105739908,
      0.05000000135552248,
      0.050000001712881235,
      0.050000002244258115,
      0.05000000285923667,
      0.0500000039743545,
      0.05000000590924937,
      0.05000000898022916,
      0.05000001407604095,
      0.05000002247142449,
      0.0500000364934195,
      0.05000013373731221,
      0.05000051332738735,
      0.050002187636348804,
      0.050007477768290474
    ]
  }
}