{
  "experiment": "C5",
  "target_layer": 0,
  "n_injection_prompts": 100,
  "n_normal_prompts": 100,
  "c5a_suppression": {
    "5": {
      "mean_orig_prob": 0.46445761125606766,
      "mean_patched_prob": 0.16323041825477977,
      "mean_drop": 0.30122719300128786,
      "classification_flips": 96,
      "flip_rate": 0.96
    },
    "10": {
      "mean_orig_prob": 0.46445761125606766,
      "mean_patched_prob": 0.09708788219204073,
      "mean_drop": 0.36736972906402693,
      "classification_flips": 99,
      "flip_rate": 0.99
    },
    "20": {
      "mean_orig_prob": 0.46445761125606766,
      "mean_patched_prob": 0.09895691374645456,
      "mean_drop": 0.3655006975096131,
      "classification_flips": 99,
      "flip_rate": 0.99
    },
    "50": {
      "mean_orig_prob": 0.46445761125606766,
      "mean_patched_prob": 0.916799461963324,
      "mean_drop": -0.4523418507072563,
      "classification_flips": 8,
      "flip_rate": 0.08
    }
  },
  "c5b_injection": {
    "1.5": {
      "mean_orig_prob": 0.4953625809948067,
      "mean_patched_prob": 0.8243618923981596,
      "mean_increase": 0.3289993114033529,
      "classification_flips": 91,
      "flip_rate": 0.91
    },
    "2.0": {
      "mean_orig_prob": 0.4953625809948067,
      "mean_patched_prob": 0.9534307231550221,
      "mean_increase": 0.4580681421602154,
      "classification_flips": 98,
      "flip_rate": 0.98
    },
    "3.0": {
      "mean_orig_prob": 0.4953625809948067,
      "mean_patched_prob": 0.9978126087253917,
      "mean_increase": 0.502450027730585,
      "classification_flips": 100,
      "flip_rate": 1.0
    },
    "5.0": {
      "mean_orig_prob": 0.4953625809948067,
      "mean_patched_prob": 0.9999945441397102,
      "mean_increase": 0.5046319631449036,
      "classification_flips": 100,
      "flip_rate": 1.0
    }
  },
  "c5c_dose_response": {
    "scales": [
      0.0,
      0.1,
      0.2,
      0.3,
      0.4,
      0.5,
      0.6,
      0.7,
      0.8,
      0.9,
      1.0,
      1.25,
      1.5,
      1.75,
      2.0
    ],
    "injection_probs": [
      0.09871530845670284,
      0.10974608218052888,
      0.12487402485432941,
      0.1463828048584142,
      0.17559298548391236,
      0.21378086031625393,
      0.2606301048158719,
      0.3153664538794586,
      0.37716634071107225,
      0.44784095271407587,
      0.5272842339983487,
      0.7322623418769136,
      0.8961008856564355,
      0.9638059733228429,
      0.9866822805477314
    ],
    "normal_probs": [
      0.1479594716735853,
      0.1669700118716905,
      0.190358143063957,
      0.21931263428058548,
      0.2525729250813672,
      0.2898291355266236,
      0.33315864703533393,
      0.38248102034820336,
      0.43570533361311564,
      0.49556103525032763,
      0.5572370810931675,
      0.6964261101965231,
      0.8013243246061797,
      0.8877788888309398,
      0.9312049716348888
    ]
  }
}