{
  "experiment": "feature_steering_defense",
  "top_k": 20,
  "n_injection_tested": 30,
  "n_normal_tested": 30,
  "injection_flip_rate": 0.36666666666666664,
  "mean_prob_drop": -0.3328754125532193,
  "normal_flip_rate": 0.03333333333333333,
  "mean_normal_change": 0.07874830181388646,
  "strategy_comparison": {
    "block_on_detect": {
      "detection_rate": 0.4,
      "fpr": 0.8
    },
    "steer_then_classify": {
      "detection_rate": 0.7666666666666667,
      "fpr": 0.8333333333333334
    }
  },
  "dose_response": {
    "scales": [
      0.0,
      0.1,
      0.2,
      0.3,
      0.4,
      0.5,
      0.6,
      0.7,
      0.8,
      0.9,
      1.0,
      1.25,
      1.5,
      1.75,
      2.0
    ],
    "injection_probs": [
      0.8837141197786533,
      0.8551342971455105,
      0.8172074543612979,
      0.766771315448462,
      0.6978229686881086,
      0.6142996297888681,
      0.5510159726169093,
      0.5187349671052417,
      0.5045279739991809,
      0.4980588677947699,
      0.4952741126310666,
      0.49087362614281105,
      0.48609767267915044,
      0.4732943644947093,
      0.4573842571489367
    ],
    "normal_probs": [
      0.6299847310739576,
      0.613442436588875,
      0.6039925659130809,
      0.5977536922404164,
      0.5922495753505538,
      0.585851240314004,
      0.5789624049311236,
      0.5711130969903906,
      0.5623702775867906,
      0.5547842259810956,
      0.5463785338737199,
      0.529545120488603,
      0.4965849369468767,
      0.4470857444079617,
      0.38439528736871814
    ]
  }
}