{
  "0": {
    "silhouette": 0.02828028053045273,
    "cohens_d": 0.976786905109152
  },
  "1": {
    "silhouette": 0.04913395643234253,
    "cohens_d": 1.8014584437496002
  },
  "2": {
    "silhouette": 0.05192561820149422,
    "cohens_d": 2.2908843585973306
  },
  "3": {
    "silhouette": 0.05397938936948776,
    "cohens_d": 2.3670877985075256
  },
  "4": {
    "silhouette": 0.05809049308300018,
    "cohens_d": 2.4121800295383387
  },
  "5": {
    "silhouette": 0.062482789158821106,
    "cohens_d": 2.346014862132953
  },
  "6": {
    "silhouette": 0.06398618966341019,
    "cohens_d": 2.39287647450565
  },
  "7": {
    "silhouette": 0.06244722753763199,
    "cohens_d": 2.36183252486802
  },
  "8": {
    "silhouette": 0.06283506751060486,
    "cohens_d": 2.3685892437618468
  },
  "9": {
    "silhouette": 0.06416577100753784,
    "cohens_d": 2.4978058740310796
  },
  "10": {
    "silhouette": 0.06462334841489792,
    "cohens_d": 2.7857180893936095
  },
  "11": {
    "silhouette": 0.05995841324329376,
    "cohens_d": 2.774009609432738
  },
  "12": {
    "silhouette": 0.05782046541571617,
    "cohens_d": 2.771913263630692
  },
  "13": {
    "silhouette": 0.0574813075363636,
    "cohens_d": 2.907243038874887
  },
  "14": {
    "silhouette": 0.05781044065952301,
    "cohens_d": 3.1051058806284946
  },
  "15": {
    "silhouette": 0.06050138175487518,
    "cohens_d": 3.2599900145079808
  },
  "16": {
    "silhouette": 0.060581520199775696,
    "cohens_d": 3.452208363527481
  },
  "17": {
    "silhouette": 0.06128782778978348,
    "cohens_d": 3.665415971377019
  },
  "18": {
    "silhouette": 0.06392016261816025,
    "cohens_d": 3.971331605107457
  },
  "19": {
    "silhouette": 0.0649588480591774,
    "cohens_d": 4.509553476820118
  },
  "20": {
    "silhouette": 0.06646845489740372,
    "cohens_d": 5.051811560880863
  },
  "21": {
    "silhouette": 0.06774382293224335,
    "cohens_d": 5.6651536013178045
  },
  "22": {
    "silhouette": 0.06938832998275757,
    "cohens_d": 6.122882628956023
  },
  "23": {
    "silhouette": 0.06898664683103561,
    "cohens_d": 7.261109995530086
  },
  "24": {
    "silhouette": 0.068526491522789,
    "cohens_d": 6.99796066029936
  },
  "25": {
    "silhouette": 0.06927832216024399,
    "cohens_d": 6.4772805989820625
  },
  "26": {
    "silhouette": 0.06981655955314636,
    "cohens_d": 6.024722664755871
  },
  "27": {
    "silhouette": 0.07006995379924774,
    "cohens_d": 5.005483348524332
  },
  "28": {
    "silhouette": 0.07000714540481567,
    "cohens_d": 4.394317700612545
  },
  "29": {
    "silhouette": 0.07026557624340057,
    "cohens_d": 4.135460193756408
  },
  "30": {
    "silhouette": 0.06715056300163269,
    "cohens_d": 3.8528259737363273
  },
  "31": {
    "silhouette": 0.06466622650623322,
    "cohens_d": 3.523791101365772
  },
  "32": {
    "silhouette": 0.06215757131576538,
    "cohens_d": 2.953145640058823
  },
  "33": {
    "silhouette": 0.06227017939090729,
    "cohens_d": 2.4096401920012274
  },
  "34": {
    "silhouette": 0.06156769022345543,
    "cohens_d": 2.2253579806701054
  },
  "35": {
    "silhouette": 0.061349816620349884,
    "cohens_d": 2.2426036187721112
  },
  "best_layer": 29,
  "j1_passed": 0.0
}