{
  "category": "imperative_commands",
  "baseline": {
    "set_D_mean_prob": 0.70592478506044,
    "set_D_fpr_at_85": 0.64,
    "set_E_mean_prob": 0.9999999987115057,
    "set_E_recall_at_85": 1.0
  },
  "augmented": {
    "held_out_accuracy": 0.995,
    "set_D_full_mean_prob": 2.8332616009396556e-08,
    "set_D_full_fpr_at_85": 0.0,
    "set_D_test_mean_prob": 3.127202885665561e-10,
    "set_D_test_fpr_at_85": 0.0,
    "set_E_full_recall_at_85": 1.0,
    "set_E_test_recall_at_85": 1.0
  },
  "n_intent_discriminators_strict": 20,
  "n_fp_overlap_features": 20,
  "top_intent_discriminators": [
    2324,
    1943,
    2065,
    8128,
    2332,
    4080,
    850,
    9135,
    4943,
    3582,
    9824,
    8483,
    8252,
    3755,
    3886,
    1329,
    4194,
    7679,
    2883,
    401
  ],
  "top_fp_overlap_features": [
    6897,
    6205,
    5702,
    3702,
    8149,
    1438,
    7572,
    773,
    9596,
    5053,
    2189,
    9821,
    2992,
    1471,
    1018,
    7061,
    264,
    5704,
    1617,
    5003
  ]
}