{
  "d_sae": 10240,
  "n_A": 25,
  "n_B": 25,
  "n_C": 25,
  "top_self_question_features": [
    5633,
    7735,
    3608,
    6854,
    9755,
    8715,
    133,
    9081,
    4895,
    3439,
    3078,
    5315,
    838,
    585,
    6578,
    8744,
    7471,
    2356,
    4772,
    3242
  ],
  "top_intent_discriminators_strict": [
    6712,
    6528,
    4592,
    8217,
    897,
    8319,
    9630,
    9710,
    3219,
    6167,
    1502,
    6332,
    7068,
    7092,
    2123,
    448,
    5545,
    672,
    9870,
    438
  ],
  "top_intent_discriminators_loose": [
    5948,
    2677,
    2632,
    5552,
    5374,
    4175,
    7875,
    4133,
    7801,
    10151,
    6854,
    3833,
    5667,
    5875,
    1643,
    5342,
    8025,
    4577,
    7195,
    8264
  ],
  "top_fp_overlap_features": [
    1680,
    6852,
    4885,
    9821,
    6441,
    5053,
    5416,
    1438,
    9596,
    3702,
    4164,
    2651,
    7061,
    2373,
    6228,
    1018,
    9199,
    6953,
    4644,
    1594
  ],
  "feature_stats": {
    "mean_active_frac_A": 0.38853906250000003,
    "mean_active_frac_B": 0.39419140624999993,
    "mean_active_frac_C": 0.39073828125000004
  }
}